id,password,last_login,is_superuser,username,first_name,last_name,email,is_staff,is_active,date_joined,state,page_need_refreshing,logged_in,fail,last_refresh_date,last_alive,ip
17,plain$$u17,2017-11-02 17:26:59.937418,false,u17,,,,false,true,2017-11-02 17:14:17.659728,5,false,true,false,2002-12-04 01:00:00.000000,-1,117
1,plain$$u01,2017-11-02 17:22:13.855315,false,u01,,,,false,true,2017-11-02 17:14:17.554424,5,false,true,false,2002-12-04 01:00:00.000000,-1,101
13,plain$$u13,2017-11-02 17:26:35.302423,false,u13,,,,false,true,2017-11-02 17:14:17.606586,5,false,true,false,2002-12-04 01:00:00.000000,-1,113
4,plain$$u04,2017-11-02 17:22:36.464006,false,u04,,,,false,true,2017-11-02 17:14:17.567328,5,false,true,false,2002-12-04 01:00:00.000000,-1,103
7,plain$$u07,2017-11-02 17:25:47.828700,false,u07,,,,false,true,2017-11-02 17:14:17.580283,5,false,true,false,2002-12-04 01:00:00.000000,-1,107
10,plain$$u10,2017-11-02 17:26:03.439197,false,u10,,,,false,true,2017-11-02 17:14:17.593756,5,false,true,false,2002-12-04 01:00:00.000000,-1,110
14,plain$$u14,2017-11-02 17:26:40.836589,false,u14,,,,false,true,2017-11-02 17:14:17.643693,5,false,true,false,2002-12-04 01:00:00.000000,-1,114
2,plain$$u02,2017-11-02 17:22:21.232457,false,u02,,,,false,true,2017-11-02 17:14:17.558736,5,false,true,false,2002-12-04 01:00:00.000000,-1,102
24,plain$$u24,2017-11-02 17:27:45.975606,false,u24,,,,false,true,2017-11-02 17:14:17.698091,5,false,true,false,2002-12-04 01:00:00.000000,-1,124
18,plain$$u18,2017-11-02 17:27:07.434635,false,u18,,,,false,true,2017-11-02 17:14:17.665565,5,false,true,false,2002-12-04 01:00:00.000000,-1,118
22,plain$$u22,2017-11-02 17:27:37.664445,false,u22,,,,false,true,2017-11-02 17:14:17.688355,5,false,true,false,2002-12-04 01:00:00.000000,-1,122
23,plain$$u23,2017-11-02 17:27:39.369258,false,u23,,,,false,true,2017-11-02 17:14:17.693379,5,false,true,false,2002-12-04 01:00:00.000000,-1,123
9,plain$$u09,2017-11-02 17:25:56.958166,false,u09,,,,false,true,2017-11-02 17:14:17.589333,5,false,true,false,2002-12-04 01:00:00.000000,-1,109
25,plain$$u25,,false,u25,,,,false,true,2017-11-02 17:14:17.743389,1,false,false,false,2002-12-04 01:00:00.000000,-1,
26,plain$$u26,,false,u26,,,,false,true,2017-11-02 17:14:17.747920,1,false,false,false,2002-12-04 01:00:00.000000,-1,
27,plain$$u27,,false,u27,,,,false,true,2017-11-02 17:14:17.752155,1,false,false,false,2002-12-04 01:00:00.000000,-1,
28,plain$$u28,,false,u28,,,,false,true,2017-11-02 17:14:17.756446,1,false,false,false,2002-12-04 01:00:00.000000,-1,
29,plain$$u29,,false,u29,,,,false,true,2017-11-02 17:14:17.760853,1,false,false,false,2002-12-04 01:00:00.000000,-1,
30,plain$$u30,,false,u30,,,,false,true,2017-11-02 17:14:17.766209,1,false,false,false,2002-12-04 01:00:00.000000,-1,
31,plain$$u31,,false,u31,,,,false,true,2017-11-02 17:14:17.770556,1,false,false,false,2002-12-04 01:00:00.000000,-1,
32,plain$$u32,,false,u32,,,,false,true,2017-11-02 17:14:17.774950,1,false,false,false,2002-12-04 01:00:00.000000,-1,
33,plain$$u33,,false,u33,,,,false,true,2017-11-02 17:14:17.779369,1,false,false,false,2002-12-04 01:00:00.000000,-1,
34,plain$$u34,,false,u34,,,,false,true,2017-11-02 17:14:17.783780,1,false,false,false,2002-12-04 01:00:00.000000,-1,
35,plain$$u35,,false,u35,,,,false,true,2017-11-02 17:14:17.787976,1,false,false,false,2002-12-04 01:00:00.000000,-1,
36,plain$$u36,,false,u36,,,,false,true,2017-11-02 17:14:17.792161,1,false,false,false,2002-12-04 01:00:00.000000,-1,
37,plain$$u37,,false,u37,,,,false,true,2017-11-02 17:14:17.847641,1,false,false,false,2002-12-04 01:00:00.000000,-1,
38,plain$$u38,,false,u38,,,,false,true,2017-11-02 17:14:17.852226,1,false,false,false,2002-12-04 01:00:00.000000,-1,
39,plain$$u39,,false,u39,,,,false,true,2017-11-02 17:14:17.856681,1,false,false,false,2002-12-04 01:00:00.000000,-1,
40,plain$$u40,,false,u40,,,,false,true,2017-11-02 17:14:17.860965,1,false,false,false,2002-12-04 01:00:00.000000,-1,
12,plain$$u12,2017-11-02 17:26:15.899619,false,u12,,,,false,true,2017-11-02 17:14:17.602248,5,false,true,false,2002-12-04 01:00:00.000000,-1,112
99,plain$$admin,2017-11-02 17:14:23.554444,true,admin,,,,true,true,2017-11-02 17:14:17.545501,1,false,true,false,2002-12-04 01:00:00.000000,-1,
11,plain$$u11,2017-11-02 17:26:09.737934,false,u11,,,,false,true,2017-11-02 17:14:17.597931,5,false,true,false,2002-12-04 01:00:00.000000,-1,111
3,plain$$u03,2017-11-02 17:25:18.568274,false,u03,,,,false,true,2017-11-02 17:14:17.563048,5,false,true,false,2002-12-04 01:00:00.000000,-1,104
8,plain$$u08,2017-11-02 17:25:52.237158,false,u08,,,,false,true,2017-11-02 17:14:17.585046,5,false,true,false,2002-12-04 01:00:00.000000,-1,108
6,plain$$u06,2017-11-02 17:25:31.579453,false,u06,,,,false,true,2017-11-02 17:14:17.575860,5,false,true,false,2002-12-04 01:00:00.000000,-1,106
5,plain$$u05,2017-11-02 17:22:56.310392,false,u05,,,,false,true,2017-11-02 17:14:17.571593,5,false,true,false,2002-12-04 01:00:00.000000,-1,105
16,plain$$u16,2017-11-02 17:26:52.826047,false,u16,,,,false,true,2017-11-02 17:14:17.654638,5,false,true,false,2002-12-04 01:00:00.000000,-1,116
20,plain$$u20,2017-11-02 17:27:27.461234,false,u20,,,,false,true,2017-11-02 17:14:17.677803,3,false,true,true,2002-12-04 01:00:00.000000,-1,120
19,plain$$u19,2017-11-02 17:27:21.708172,false,u19,,,,false,true,2017-11-02 17:14:17.670281,3,false,true,true,2002-12-04 01:00:00.000000,-1,119
21,plain$$u21,2017-11-02 17:27:33.178045,false,u21,,,,false,true,2017-11-02 17:14:17.683002,5,false,true,false,2002-12-04 01:00:00.000000,-1,121
15,plain$$u15,2017-11-02 17:26:46.359981,false,u15,,,,false,true,2017-11-02 17:14:17.649052,5,false,true,false,2002-12-04 01:00:00.000000,-1,115
